is_weekend,total_amount
False,29.873277777777776
True,29.63659217877095
