is_weekend,avg_total,avg_distance,avg_tip_pct,num_trips
False,29.873277777777776,10242.455541666666,4.501330860514654,720
True,29.63659217877095,12406.732793296089,5.040232704629045,179
